{
  "in_sample": {
    "total_return_%": 138.35788863586535,
    "max_drawdown_%": 2.35350570381593,
    "sharpe_ratio": 1.3146458331947455,
    "sortino_ratio": 0.8619653805333254,
    "calmar_ratio": 5.564658644502661,
    "total_trades": 28,
    "win_rate_%": 89.28571428571429,
    "profit_factor": 24.968644593208058
  },
  "out_of_sample": {
    "total_return_%": 69.48242244566747,
    "max_drawdown_%": 1.9013892729705353,
    "sharpe_ratio": 1.4641321138398953,
    "sortino_ratio": 5.682667236164889,
    "calmar_ratio": 9.816022434566197,
    "total_trades": 12,
    "win_rate_%": 75.0,
    "profit_factor": 20.553186393184365
  }
}