{
  "in_sample": {
    "total_return_%": 156.91186886448753,
    "max_drawdown_%": 0.5119607888251293,
    "sharpe_ratio": 1.2767230306030855,
    "sortino_ratio": 4.38396154519096,
    "calmar_ratio": 27.465012591539118,
    "total_trades": 23,
    "win_rate_%": 82.6086956521739,
    "profit_factor": 88.93934852285506
  },
  "out_of_sample": {
    "total_return_%": 99.1583762975735,
    "max_drawdown_%": 1.7673277579131037,
    "sharpe_ratio": 1.537681710124013,
    "sortino_ratio": 1.681350319598623,
    "calmar_ratio": 13.642450336499389,
    "total_trades": 14,
    "win_rate_%": 85.71428571428571,
    "profit_factor": 44.48162329873651
  }
}