{
  "in_sample": {
    "total_return_%": 158.07348844045967,
    "max_drawdown_%": 2.275190320990023,
    "sharpe_ratio": 1.2548730813586246,
    "sortino_ratio": 0.9373189180615007,
    "calmar_ratio": 6.172682524385454,
    "total_trades": 24,
    "win_rate_%": 83.33333333333334,
    "profit_factor": 42.63626107298868
  },
  "out_of_sample": {
    "total_return_%": 97.09809814673986,
    "max_drawdown_%": 1.7795593243280297,
    "sharpe_ratio": 1.5013053112042372,
    "sortino_ratio": 1.6327559394832312,
    "calmar_ratio": 13.255586252131243,
    "total_trades": 14,
    "win_rate_%": 85.71428571428571,
    "profit_factor": 43.60298790164359
  }
}