{
  "in_sample": {
    "total_return_%": 158.72197106037157,
    "max_drawdown_%": 1.9700382533553602,
    "sharpe_ratio": 1.2589069301131388,
    "sortino_ratio": 0.9348929612628994,
    "calmar_ratio": 7.1129583419074285,
    "total_trades": 23,
    "win_rate_%": 86.95652173913044,
    "profit_factor": 56.99775833164858
  },
  "out_of_sample": {
    "total_return_%": 97.8590426214641,
    "max_drawdown_%": 1.7673277579131037,
    "sharpe_ratio": 1.516593577584353,
    "sortino_ratio": 1.6462889651512793,
    "calmar_ratio": 13.357963051962233,
    "total_trades": 14,
    "win_rate_%": 85.71428571428571,
    "profit_factor": 43.92750367173244
  }
}