{
  "in_sample": {
    "total_return_%": 157.03782527770363,
    "max_drawdown_%": 1.9528473184097312,
    "sharpe_ratio": 1.2439101331894697,
    "sortino_ratio": 1.1268356227398,
    "calmar_ratio": 7.169226443018858,
    "total_trades": 24,
    "win_rate_%": 83.33333333333334,
    "profit_factor": 46.0867637748366
  },
  "out_of_sample": {
    "total_return_%": 97.09809814673986,
    "max_drawdown_%": 1.7795593243280297,
    "sharpe_ratio": 1.5022989332578318,
    "sortino_ratio": 1.6349014794825523,
    "calmar_ratio": 13.273004893724057,
    "total_trades": 14,
    "win_rate_%": 85.71428571428571,
    "profit_factor": 43.60298790164359
  }
}