{
  "in_sample": {
    "total_return_%": 160.1530040480443,
    "max_drawdown_%": 1.4040660523104633,
    "sharpe_ratio": 1.2812242919175474,
    "sortino_ratio": 1.7226264891620922,
    "calmar_ratio": 10.00811000079083,
    "total_trades": 25,
    "win_rate_%": 84.0,
    "profit_factor": 55.314245953037194
  },
  "out_of_sample": {
    "total_return_%": 99.93201198725316,
    "max_drawdown_%": 1.7795593243280297,
    "sharpe_ratio": 1.5256960279499348,
    "sortino_ratio": 1.656970339071898,
    "calmar_ratio": 13.452171702858639,
    "total_trades": 15,
    "win_rate_%": 86.66666666666667,
    "profit_factor": 44.89684431172416
  }
}