{
  "in_sample": {
    "total_return_%": 161.3203549433233,
    "max_drawdown_%": 0.5123564775135706,
    "sharpe_ratio": 1.290423757285271,
    "sortino_ratio": 5.662082751801651,
    "calmar_ratio": 27.640054989878735,
    "total_trades": 24,
    "win_rate_%": 83.33333333333334,
    "profit_factor": 91.44855893753669
  },
  "out_of_sample": {
    "total_return_%": 97.8590426214641,
    "max_drawdown_%": 1.7673277579131037,
    "sharpe_ratio": 1.518595533194779,
    "sortino_ratio": 1.6506042704334585,
    "calmar_ratio": 13.392977371888742,
    "total_trades": 14,
    "win_rate_%": 85.71428571428571,
    "profit_factor": 43.92750367173244
  }
}