{
  "in_sample": {
    "total_return_%": 154.44791727444772,
    "max_drawdown_%": 0.5159911957587698,
    "sharpe_ratio": 1.2541663053806478,
    "sortino_ratio": 4.298548284643077,
    "calmar_ratio": 26.920899547245977,
    "total_trades": 23,
    "win_rate_%": 82.6086956521739,
    "profit_factor": 87.59778583063115
  },
  "out_of_sample": {
    "total_return_%": 97.09809814673986,
    "max_drawdown_%": 1.7795593243280297,
    "sharpe_ratio": 1.5052916786322428,
    "sortino_ratio": 1.641372065812958,
    "calmar_ratio": 13.32553657536149,
    "total_trades": 14,
    "win_rate_%": 85.71428571428571,
    "profit_factor": 43.60298790164359
  }
}