{
  "in_sample": {
    "total_return_%": 160.0796426194815,
    "max_drawdown_%": 1.3749815666717222,
    "sharpe_ratio": 1.272425794604642,
    "sortino_ratio": 2.6431026795696226,
    "calmar_ratio": 10.264402310061683,
    "total_trades": 25,
    "win_rate_%": 80.0,
    "profit_factor": 59.71357289437673
  },
  "out_of_sample": {
    "total_return_%": 97.8590426214641,
    "max_drawdown_%": 1.7673277579131037,
    "sharpe_ratio": 1.518595533194779,
    "sortino_ratio": 1.6506042704334585,
    "calmar_ratio": 13.392977371888742,
    "total_trades": 14,
    "win_rate_%": 85.71428571428571,
    "profit_factor": 43.92750367173244
  }
}