{
  "in_sample": {
    "total_return_%": 153.04511375440975,
    "max_drawdown_%": 0.9181799452100131,
    "sharpe_ratio": 1.3315160512522775,
    "sortino_ratio": 2.882461692701251,
    "calmar_ratio": 14.749458281639004,
    "total_trades": 24,
    "win_rate_%": 79.16666666666666,
    "profit_factor": 64.24661211596532
  },
  "out_of_sample": {
    "total_return_%": 116.81834933351651,
    "max_drawdown_%": 1.7627034504874257,
    "sharpe_ratio": 1.6147516292172357,
    "sortino_ratio": 1.8587742327641525,
    "calmar_ratio": 15.108590092102288,
    "total_trades": 15,
    "win_rate_%": 80.0,
    "profit_factor": 48.52587364552428
  }
}