{
  "in_sample": {
    "total_return_%": 158.5968149530659,
    "max_drawdown_%": 1.751863808383805,
    "sharpe_ratio": 1.2632208394502893,
    "sortino_ratio": 1.294069344992591,
    "calmar_ratio": 8.025073665818084,
    "total_trades": 24,
    "win_rate_%": 83.33333333333334,
    "profit_factor": 49.22110387315501
  },
  "out_of_sample": {
    "total_return_%": 97.09809814673986,
    "max_drawdown_%": 1.7795593243280297,
    "sharpe_ratio": 1.5013053112042372,
    "sortino_ratio": 1.6327559394832312,
    "calmar_ratio": 13.255586252131243,
    "total_trades": 14,
    "win_rate_%": 85.71428571428571,
    "profit_factor": 43.60298790164359
  }
}