{
  "in_sample": {
    "total_return_%": 159.11316416463154,
    "max_drawdown_%": 2.341460021521616,
    "sharpe_ratio": 1.255068734701739,
    "sortino_ratio": 0.9059997076908668,
    "calmar_ratio": 5.9997846101925765,
    "total_trades": 24,
    "win_rate_%": 83.33333333333334,
    "profit_factor": 42.20400647638856
  },
  "out_of_sample": {
    "total_return_%": 97.8590426214641,
    "max_drawdown_%": 1.7673277579131037,
    "sharpe_ratio": 1.5175935650362888,
    "sortino_ratio": 1.6484437936396974,
    "calmar_ratio": 13.375447296794647,
    "total_trades": 14,
    "win_rate_%": 85.71428571428571,
    "profit_factor": 43.92750367173244
  }
}