{
  "in_sample": {
    "total_return_%": 147.30460973756817,
    "max_drawdown_%": 1.751863808383805,
    "sharpe_ratio": 1.2104004178534837,
    "sortino_ratio": 1.286285867684383,
    "calmar_ratio": 7.826758407239291,
    "total_trades": 24,
    "win_rate_%": 75.0,
    "profit_factor": 25.080734602649265
  },
  "out_of_sample": {
    "total_return_%": 115.6511784976467,
    "max_drawdown_%": 1.5294201301467505,
    "sharpe_ratio": 1.6133653839127897,
    "sortino_ratio": 1.8420945221278848,
    "calmar_ratio": 17.84540181453685,
    "total_trades": 14,
    "win_rate_%": 85.71428571428571,
    "profit_factor": 61.00524116619032
  }
}