{
  "in_sample": {
    "total_return_%": 154.20562108443704,
    "max_drawdown_%": 0.5167169837491228,
    "sharpe_ratio": 1.2562294020562632,
    "sortino_ratio": 4.285127841026895,
    "calmar_ratio": 26.83524663728226,
    "total_trades": 23,
    "win_rate_%": 82.6086956521739,
    "profit_factor": 87.46586135196027
  },
  "out_of_sample": {
    "total_return_%": 97.09809814673986,
    "max_drawdown_%": 1.7795593243280297,
    "sharpe_ratio": 1.5042921104017704,
    "sortino_ratio": 1.6392095202717027,
    "calmar_ratio": 13.307979873681171,
    "total_trades": 14,
    "win_rate_%": 85.71428571428571,
    "profit_factor": 43.60298790164359
  }
}