{
  "in_sample": {
    "total_return_%": 151.39171190900865,
    "max_drawdown_%": 2.1064383410611844,
    "sharpe_ratio": 1.3297611292394953,
    "sortino_ratio": 1.068848745110816,
    "calmar_ratio": 6.37623819133148,
    "total_trades": 24,
    "win_rate_%": 79.16666666666666,
    "profit_factor": 43.39769577229614
  },
  "out_of_sample": {
    "total_return_%": 117.93290990861509,
    "max_drawdown_%": 1.7627034504874257,
    "sharpe_ratio": 1.5730041909984709,
    "sortino_ratio": 1.389695991006991,
    "calmar_ratio": 15.254344185448387,
    "total_trades": 14,
    "win_rate_%": 85.71428571428571,
    "profit_factor": 66.94240740707633
  }
}