{
  "in_sample": {
    "total_return_%": 147.79078602852738,
    "max_drawdown_%": 2.004563096231286,
    "sharpe_ratio": 1.2067669933128213,
    "sortino_ratio": 1.1504497561266072,
    "calmar_ratio": 6.853470416174225,
    "total_trades": 24,
    "win_rate_%": 75.0,
    "profit_factor": 24.228415203538656
  },
  "out_of_sample": {
    "total_return_%": 115.2568394224922,
    "max_drawdown_%": 1.533975565657154,
    "sharpe_ratio": 1.6095105367871883,
    "sortino_ratio": 1.8297149135163882,
    "calmar_ratio": 17.727059247216186,
    "total_trades": 14,
    "win_rate_%": 85.71428571428571,
    "profit_factor": 60.805476067978425
  }
}