{
  "in_sample": {
    "total_return_%": 155.4097482786756,
    "max_drawdown_%": 0.6882979498826717,
    "sharpe_ratio": 1.3360716747316586,
    "sortino_ratio": 5.760364483094243,
    "calmar_ratio": 19.87548296451228,
    "total_trades": 24,
    "win_rate_%": 79.16666666666666,
    "profit_factor": 75.41557244761457
  },
  "out_of_sample": {
    "total_return_%": 112.06337368095531,
    "max_drawdown_%": 1.7627034504874257,
    "sharpe_ratio": 1.579901157367553,
    "sortino_ratio": 2.419005544736546,
    "calmar_ratio": 14.706769851719235,
    "total_trades": 15,
    "win_rate_%": 80.0,
    "profit_factor": 24.87099097411689
  }
}