{
  "in_sample": {
    "total_return_%": 154.5902067331098,
    "max_drawdown_%": 2.275190320990023,
    "sharpe_ratio": 1.231232833523816,
    "sortino_ratio": 1.048411043308234,
    "calmar_ratio": 6.174571586766662,
    "total_trades": 25,
    "win_rate_%": 76.0,
    "profit_factor": 24.332684662468548
  },
  "out_of_sample": {
    "total_return_%": 99.33567348910431,
    "max_drawdown_%": 1.7673277579131037,
    "sharpe_ratio": 1.549071104374654,
    "sortino_ratio": 1.6911312363288065,
    "calmar_ratio": 13.727736608555606,
    "total_trades": 14,
    "win_rate_%": 85.71428571428571,
    "profit_factor": 44.55723424875369
  }
}