{
  "in_sample": {
    "total_return_%": 156.57444099316874,
    "max_drawdown_%": 0.5129563460385813,
    "sharpe_ratio": 1.2720400063264006,
    "sortino_ratio": 4.365623183919467,
    "calmar_ratio": 27.347852594964056,
    "total_trades": 23,
    "win_rate_%": 82.6086956521739,
    "profit_factor": 88.75562711967987
  },
  "out_of_sample": {
    "total_return_%": 98.51410715020872,
    "max_drawdown_%": 1.7673277579131037,
    "sharpe_ratio": 1.5312974538977178,
    "sortino_ratio": 1.6714152635263337,
    "calmar_ratio": 13.561837446088246,
    "total_trades": 14,
    "win_rate_%": 85.71428571428571,
    "profit_factor": 44.20686540844848
  }
}