{
  "in_sample": {
    "total_return_%": 147.23650978912897,
    "max_drawdown_%": 2.558839335629673,
    "sharpe_ratio": 1.1973111031269164,
    "sortino_ratio": 0.9139589455526408,
    "calmar_ratio": 5.355849544569274,
    "total_trades": 24,
    "win_rate_%": 75.0,
    "profit_factor": 22.343192108118448
  },
  "out_of_sample": {
    "total_return_%": 115.2568394224922,
    "max_drawdown_%": 1.533975565657154,
    "sharpe_ratio": 1.6095105367871883,
    "sortino_ratio": 1.8297149135163882,
    "calmar_ratio": 17.727059247216186,
    "total_trades": 14,
    "win_rate_%": 85.71428571428571,
    "profit_factor": 60.805476067978425
  }
}