{
  "in_sample": {
    "total_return_%": 160.09661802081695,
    "max_drawdown_%": 0.5159911957587698,
    "sharpe_ratio": 1.2805551672162,
    "sortino_ratio": 8.006178914587245,
    "calmar_ratio": 27.54833829396242,
    "total_trades": 23,
    "win_rate_%": 86.95652173913044,
    "profit_factor": 90.67336824527746
  },
  "out_of_sample": {
    "total_return_%": 97.62744625468977,
    "max_drawdown_%": 1.7795593243280297,
    "sharpe_ratio": 1.5122492309681852,
    "sortino_ratio": 1.647404606305921,
    "calmar_ratio": 13.374511966533086,
    "total_trades": 14,
    "win_rate_%": 85.71428571428571,
    "profit_factor": 43.8287360535816
  }
}