{
  "in_sample": {
    "total_return_%": 150.99883846116896,
    "max_drawdown_%": 1.115949364091314,
    "sharpe_ratio": 1.3458059648388645,
    "sortino_ratio": 2.301899124747779,
    "calmar_ratio": 11.989515974127988,
    "total_trades": 24,
    "win_rate_%": 83.33333333333334,
    "profit_factor": 57.58210431278368
  },
  "out_of_sample": {
    "total_return_%": 122.32063599406308,
    "max_drawdown_%": 1.7627034504874257,
    "sharpe_ratio": 1.594578760530916,
    "sortino_ratio": Infinity,
    "calmar_ratio": 15.621638868740853,
    "total_trades": 14,
    "win_rate_%": 92.85714285714286,
    "profit_factor": 69.33891405415604
  }
}