{
  "in_sample": {
    "total_return_%": 157.309026122377,
    "max_drawdown_%": 3.039652639072665,
    "sharpe_ratio": 1.2395789641590382,
    "sortino_ratio": 1.0615484673682491,
    "calmar_ratio": 4.577823398754151,
    "total_trades": 25,
    "win_rate_%": 80.0,
    "profit_factor": 37.25979682570994
  },
  "out_of_sample": {
    "total_return_%": 104.53426272854145,
    "max_drawdown_%": 1.7685421519485267,
    "sharpe_ratio": 1.5692216504080776,
    "sortino_ratio": 1.7209476091077227,
    "calmar_ratio": 13.964520671201589,
    "total_trades": 15,
    "win_rate_%": 86.66666666666667,
    "profit_factor": 46.85954066219352
  }
}