{
  "in_sample": {
    "total_return_%": 147.52015880376862,
    "max_drawdown_%": 2.275190320990023,
    "sharpe_ratio": 1.203746772547162,
    "sortino_ratio": 1.0266901274775349,
    "calmar_ratio": 6.04664719052644,
    "total_trades": 24,
    "win_rate_%": 75.0,
    "profit_factor": 23.269776484775484
  },
  "out_of_sample": {
    "total_return_%": 115.6511784976467,
    "max_drawdown_%": 1.5294201301467505,
    "sharpe_ratio": 1.6144575689688971,
    "sortino_ratio": 1.8445671322247008,
    "calmar_ratio": 17.869355374019445,
    "total_trades": 14,
    "win_rate_%": 85.71428571428571,
    "profit_factor": 61.00524116619032
  }
}