{
  "in_sample": {
    "total_return_%": 156.91186886448753,
    "max_drawdown_%": 0.5119607888251293,
    "sharpe_ratio": 1.2778177351959568,
    "sortino_ratio": 4.391438455160018,
    "calmar_ratio": 27.511854568670792,
    "total_trades": 23,
    "win_rate_%": 82.6086956521739,
    "profit_factor": 88.93934852285506
  },
  "out_of_sample": {
    "total_return_%": 98.92692425519647,
    "max_drawdown_%": 1.7673277579131037,
    "sharpe_ratio": 1.5454195253468797,
    "sortino_ratio": 1.683268169486172,
    "calmar_ratio": 13.650042746160095,
    "total_trades": 14,
    "win_rate_%": 85.71428571428571,
    "profit_factor": 44.38291722981101
  }
}