{
  "in_sample": {
    "total_return_%": 168.86061253525972,
    "max_drawdown_%": 1.3395844402053234,
    "sharpe_ratio": 1.3963227892689112,
    "sortino_ratio": 1.856904340850788,
    "calmar_ratio": 10.71559973797962,
    "total_trades": 27,
    "win_rate_%": 81.48148148148148,
    "profit_factor": 66.59451637436219
  },
  "out_of_sample": {
    "total_return_%": 121.79827711967093,
    "max_drawdown_%": 1.7627034504874257,
    "sharpe_ratio": 1.58782247137535,
    "sortino_ratio": 1.5296026309959099,
    "calmar_ratio": 15.53780224530485,
    "total_trades": 15,
    "win_rate_%": 86.66666666666667,
    "profit_factor": 64.02548645691586
  }
}