{
  "in_sample": {
    "total_return_%": 147.52015880376862,
    "max_drawdown_%": 2.275190320990023,
    "sharpe_ratio": 1.204095219390803,
    "sortino_ratio": 1.027281538841289,
    "calmar_ratio": 6.050130282226052,
    "total_trades": 24,
    "win_rate_%": 75.0,
    "profit_factor": 23.269776484775484
  },
  "out_of_sample": {
    "total_return_%": 115.2568394224922,
    "max_drawdown_%": 1.533975565657154,
    "sharpe_ratio": 1.6127813654152288,
    "sortino_ratio": 1.8370927962321801,
    "calmar_ratio": 17.798539324825928,
    "total_trades": 14,
    "win_rate_%": 85.71428571428571,
    "profit_factor": 60.805476067978425
  }
}