{
  "in_sample": {
    "total_return_%": 150.83340470544417,
    "max_drawdown_%": 1.6910506827791618,
    "sharpe_ratio": 1.2173524267627147,
    "sortino_ratio": 1.5358713384939926,
    "calmar_ratio": 8.211232218526394,
    "total_trades": 25,
    "win_rate_%": 76.0,
    "profit_factor": 27.108668591221495
  },
  "out_of_sample": {
    "total_return_%": 115.6511784976467,
    "max_drawdown_%": 1.5294201301467505,
    "sharpe_ratio": 1.6101020807418998,
    "sortino_ratio": 1.8347163064184273,
    "calmar_ratio": 17.77392490473229,
    "total_trades": 14,
    "win_rate_%": 85.71428571428571,
    "profit_factor": 61.00524116619032
  }
}