{
  "in_sample": {
    "total_return_%": 158.35054929220527,
    "max_drawdown_%": 2.341460021521616,
    "sharpe_ratio": 1.2530355396185273,
    "sortino_ratio": 0.7617235090935912,
    "calmar_ratio": 5.981181674978339,
    "total_trades": 23,
    "win_rate_%": 86.95652173913044,
    "profit_factor": 50.55913501822077
  },
  "out_of_sample": {
    "total_return_%": 97.8590426214641,
    "max_drawdown_%": 1.7673277579131037,
    "sharpe_ratio": 1.516593577584353,
    "sortino_ratio": 1.6462889651512793,
    "calmar_ratio": 13.357963051962233,
    "total_trades": 14,
    "win_rate_%": 85.71428571428571,
    "profit_factor": 43.92750367173244
  }
}