{
  "in_sample": {
    "total_return_%": 149.83426316566488,
    "max_drawdown_%": 2.558839335629673,
    "sharpe_ratio": 1.2099651265215707,
    "sortino_ratio": 0.9297069626758747,
    "calmar_ratio": 5.447816655728358,
    "total_trades": 25,
    "win_rate_%": 76.0,
    "profit_factor": 22.73594637398105
  },
  "out_of_sample": {
    "total_return_%": 115.17129629178338,
    "max_drawdown_%": 1.9556936448786244,
    "sharpe_ratio": 1.602334514879454,
    "sortino_ratio": 1.8778387335581739,
    "calmar_ratio": 13.98246373665341,
    "total_trades": 14,
    "win_rate_%": 85.71428571428571,
    "profit_factor": 37.434709837189594
  }
}