{
  "in_sample": {
    "total_return_%": 150.7061923587076,
    "max_drawdown_%": 1.115949364091314,
    "sharpe_ratio": 1.3457689060150264,
    "sortino_ratio": 2.283635616672702,
    "calmar_ratio": 11.973778791052764,
    "total_trades": 25,
    "win_rate_%": 84.0,
    "profit_factor": 52.08141744058822
  },
  "out_of_sample": {
    "total_return_%": 122.40845800811462,
    "max_drawdown_%": 1.7627034504874257,
    "sharpe_ratio": 1.5938557705823595,
    "sortino_ratio": Infinity,
    "calmar_ratio": 15.609182158502353,
    "total_trades": 14,
    "win_rate_%": 92.85714285714286,
    "profit_factor": 69.38688105034853
  }
}