{
  "in_sample": {
    "total_return_%": 148.4702400832199,
    "max_drawdown_%": 2.558839335629673,
    "sharpe_ratio": 1.1827542484413125,
    "sortino_ratio": 0.9174807753867674,
    "calmar_ratio": 5.376235225269769,
    "total_trades": 24,
    "win_rate_%": 75.0,
    "profit_factor": 22.516385656910842
  },
  "out_of_sample": {
    "total_return_%": 115.6511784976467,
    "max_drawdown_%": 1.5294201301467505,
    "sharpe_ratio": 1.6101020807418998,
    "sortino_ratio": 1.8347163064184273,
    "calmar_ratio": 17.77392490473229,
    "total_trades": 14,
    "win_rate_%": 85.71428571428571,
    "profit_factor": 61.00524116619032
  }
}