{
  "in_sample": {
    "total_return_%": 149.97934544042556,
    "max_drawdown_%": 1.3422351004638529,
    "sharpe_ratio": 1.3342658617399026,
    "sortino_ratio": 1.863616775279595,
    "calmar_ratio": 9.92303196495244,
    "total_trades": 25,
    "win_rate_%": 80.0,
    "profit_factor": 47.310804460334886
  },
  "out_of_sample": {
    "total_return_%": 121.86496155515027,
    "max_drawdown_%": 1.7627034504874257,
    "sharpe_ratio": 1.5891046902904156,
    "sortino_ratio": 1.5321714838379454,
    "calmar_ratio": 15.563896818266485,
    "total_trades": 15,
    "win_rate_%": 86.66666666666667,
    "profit_factor": 64.05916335600607
  }
}