{
  "in_sample": {
    "total_return_%": 154.5902067331098,
    "max_drawdown_%": 2.275190320990023,
    "sharpe_ratio": 1.2319400294156082,
    "sortino_ratio": 1.049609227357729,
    "calmar_ratio": 6.18162824000868,
    "total_trades": 25,
    "win_rate_%": 76.0,
    "profit_factor": 24.332684662468548
  },
  "out_of_sample": {
    "total_return_%": 113.21623469137916,
    "max_drawdown_%": 1.5404910834517018,
    "sharpe_ratio": 1.5844033214281263,
    "sortino_ratio": 2.1638598648070992,
    "calmar_ratio": 17.376522605131466,
    "total_trades": 14,
    "win_rate_%": 85.71428571428571,
    "profit_factor": 50.4768002058543
  }
}