{
  "in_sample": {
    "total_return_%": 157.4871098902391,
    "max_drawdown_%": 2.5241409998917512,
    "sharpe_ratio": 1.2467342061422957,
    "sortino_ratio": 0.8273303248957146,
    "calmar_ratio": 5.553111070023803,
    "total_trades": 24,
    "win_rate_%": 83.33333333333334,
    "profit_factor": 40.004114457898574
  },
  "out_of_sample": {
    "total_return_%": 97.09809814673986,
    "max_drawdown_%": 1.7795593243280297,
    "sharpe_ratio": 1.5022989332578318,
    "sortino_ratio": 1.6349014794825523,
    "calmar_ratio": 13.273004893724057,
    "total_trades": 14,
    "win_rate_%": 85.71428571428571,
    "profit_factor": 43.60298790164359
  }
}