{
  "in_sample": {
    "total_return_%": 146.78128322496192,
    "max_drawdown_%": 2.275190320990023,
    "sharpe_ratio": 1.2025987015103852,
    "sortino_ratio": 1.0226160059688765,
    "calmar_ratio": 6.0226528277534035,
    "total_trades": 24,
    "win_rate_%": 75.0,
    "profit_factor": 23.161750113746802
  },
  "out_of_sample": {
    "total_return_%": 115.6511784976467,
    "max_drawdown_%": 1.5294201301467505,
    "sharpe_ratio": 1.6133653839127897,
    "sortino_ratio": 1.8420945221278848,
    "calmar_ratio": 17.84540181453685,
    "total_trades": 14,
    "win_rate_%": 85.71428571428571,
    "profit_factor": 61.00524116619032
  }
}