{
  "in_sample": {
    "total_return_%": 150.70804723716753,
    "max_drawdown_%": 2.045647241146212,
    "sharpe_ratio": 1.3309524010365488,
    "sortino_ratio": 1.0234531150483053,
    "calmar_ratio": 6.541300220026299,
    "total_trades": 24,
    "win_rate_%": 83.33333333333334,
    "profit_factor": 43.21211738012208
  },
  "out_of_sample": {
    "total_return_%": 120.76678649919725,
    "max_drawdown_%": 1.7627034504874257,
    "sharpe_ratio": 1.5817743011380507,
    "sortino_ratio": 1.4111529381003025,
    "calmar_ratio": 15.490662500487124,
    "total_trades": 14,
    "win_rate_%": 85.71428571428571,
    "profit_factor": 68.49022601609515
  }
}