{
  "in_sample": {
    "total_return_%": 156.08391080652018,
    "max_drawdown_%": 1.7094582192651322,
    "sharpe_ratio": 1.252931720055286,
    "sortino_ratio": 1.9522582512301623,
    "calmar_ratio": 8.234114249757534,
    "total_trades": 25,
    "win_rate_%": 76.0,
    "profit_factor": 31.131296527013614
  },
  "out_of_sample": {
    "total_return_%": 97.09206290450526,
    "max_drawdown_%": 1.7673277579131037,
    "sharpe_ratio": 1.5293674281159764,
    "sortino_ratio": 1.6635080234168846,
    "calmar_ratio": 13.489802777624078,
    "total_trades": 14,
    "win_rate_%": 85.71428571428571,
    "profit_factor": 43.60041408535808
  }
}