{
  "in_sample": {
    "total_return_%": 159.37011780352023,
    "max_drawdown_%": 0.5129563460385813,
    "sharpe_ratio": 1.279797020735026,
    "sortino_ratio": 7.945336513148928,
    "calmar_ratio": 27.25830048939709,
    "total_trades": 23,
    "win_rate_%": 86.95652173913044,
    "profit_factor": 90.27780625803811
  },
  "out_of_sample": {
    "total_return_%": 104.14367318570328,
    "max_drawdown_%": 1.7685421519485267,
    "sharpe_ratio": 1.5688003478453278,
    "sortino_ratio": Infinity,
    "calmar_ratio": 13.906449041867006,
    "total_trades": 14,
    "win_rate_%": 92.85714285714286,
    "profit_factor": 59.41094422522198
  }
}