{
  "in_sample": {
    "total_return_%": 158.1525953379292,
    "max_drawdown_%": 2.6418598899992687,
    "sharpe_ratio": 1.2611032781169322,
    "sortino_ratio": 1.516477898057811,
    "calmar_ratio": 5.284357468056348,
    "total_trades": 25,
    "win_rate_%": 84.0,
    "profit_factor": 49.15030443299794
  },
  "out_of_sample": {
    "total_return_%": 98.6109288845598,
    "max_drawdown_%": 1.7673277579131037,
    "sharpe_ratio": 1.5180276408279376,
    "sortino_ratio": 1.6534847610601782,
    "calmar_ratio": 13.416349628022225,
    "total_trades": 15,
    "win_rate_%": 86.66666666666667,
    "profit_factor": 44.33344932738283
  }
}