{
  "in_sample": {
    "total_return_%": 158.9906725961134,
    "max_drawdown_%": 0.5159911957587698,
    "sharpe_ratio": 1.2749357624747615,
    "sortino_ratio": 7.948443010395066,
    "calmar_ratio": 27.34967570630828,
    "total_trades": 23,
    "win_rate_%": 86.95652173913044,
    "profit_factor": 90.07120742060233
  },
  "out_of_sample": {
    "total_return_%": 97.09809814673986,
    "max_drawdown_%": 1.7795593243280297,
    "sharpe_ratio": 1.503294530805403,
    "sortino_ratio": 1.6370526656397664,
    "calmar_ratio": 13.290469373847381,
    "total_trades": 14,
    "win_rate_%": 85.71428571428571,
    "profit_factor": 43.60298790164359
  }
}