{
  "in_sample": {
    "total_return_%": 159.2049100244917,
    "max_drawdown_%": 2.249714161661486,
    "sharpe_ratio": 1.2580392721516034,
    "sortino_ratio": 0.9527444757864759,
    "calmar_ratio": 6.2602520071755885,
    "total_trades": 24,
    "win_rate_%": 83.33333333333334,
    "profit_factor": 43.200327107264
  },
  "out_of_sample": {
    "total_return_%": 97.8590426214641,
    "max_drawdown_%": 1.7673277579131037,
    "sharpe_ratio": 1.518595533194779,
    "sortino_ratio": 1.6506042704334585,
    "calmar_ratio": 13.392977371888742,
    "total_trades": 14,
    "win_rate_%": 85.71428571428571,
    "profit_factor": 43.92750367173244
  }
}