{
  "in_sample": {
    "total_return_%": 155.55386269915124,
    "max_drawdown_%": 0.5159911957587698,
    "sharpe_ratio": 1.258396720147098,
    "sortino_ratio": 4.320694253196553,
    "calmar_ratio": 27.059595068460553,
    "total_trades": 23,
    "win_rate_%": 82.6086956521739,
    "profit_factor": 88.19994665530628
  },
  "out_of_sample": {
    "total_return_%": 97.8590426214641,
    "max_drawdown_%": 1.7673277579131037,
    "sharpe_ratio": 1.5246493057763435,
    "sortino_ratio": 1.6636869991291001,
    "calmar_ratio": 13.499130428997503,
    "total_trades": 14,
    "win_rate_%": 85.71428571428571,
    "profit_factor": 43.92750367173244
  }
}