{
  "in_sample": {
    "total_return_%": 156.1303826169079,
    "max_drawdown_%": 0.7814862475796327,
    "sharpe_ratio": 1.265622328253345,
    "sortino_ratio": 3.2066935502598404,
    "calmar_ratio": 17.956012350077813,
    "total_trades": 24,
    "win_rate_%": 79.16666666666666,
    "profit_factor": 67.55201816253984
  },
  "out_of_sample": {
    "total_return_%": 99.14840996269996,
    "max_drawdown_%": 1.7673277579131037,
    "sharpe_ratio": 1.5386088221651697,
    "sortino_ratio": 1.683459766965395,
    "calmar_ratio": 13.659566359616756,
    "total_trades": 14,
    "win_rate_%": 85.71428571428571,
    "profit_factor": 44.47737301117431
  }
}