{
  "in_sample": {
    "total_return_%": 151.8850613907139,
    "max_drawdown_%": 1.6888274160943455,
    "sharpe_ratio": 1.2232598596430653,
    "sortino_ratio": 1.7696776391225055,
    "calmar_ratio": 8.262473288924348,
    "total_trades": 25,
    "win_rate_%": 76.0,
    "profit_factor": 28.738473198877685
  },
  "out_of_sample": {
    "total_return_%": 115.2568394224922,
    "max_drawdown_%": 1.533975565657154,
    "sharpe_ratio": 1.6084246749947146,
    "sortino_ratio": 1.8272687705838793,
    "calmar_ratio": 17.703359970147712,
    "total_trades": 14,
    "win_rate_%": 85.71428571428571,
    "profit_factor": 60.805476067978425
  }
}