{
  "in_sample": {
    "total_return_%": 147.8405425262642,
    "max_drawdown_%": 2.558839335629673,
    "sharpe_ratio": 1.1821035780842617,
    "sortino_ratio": 0.9148318298262748,
    "calmar_ratio": 5.36078311880247,
    "total_trades": 24,
    "win_rate_%": 75.0,
    "profit_factor": 22.42798744291106
  },
  "out_of_sample": {
    "total_return_%": 114.31548781759497,
    "max_drawdown_%": 1.5294201301467505,
    "sharpe_ratio": 1.5947895878965839,
    "sortino_ratio": 2.1948451044621344,
    "calmar_ratio": 17.615733789746542,
    "total_trades": 14,
    "win_rate_%": 85.71428571428571,
    "profit_factor": 50.9455925903522
  }
}