{
  "in_sample": {
    "total_return_%": 156.91186886448753,
    "max_drawdown_%": 0.5119607888251293,
    "sharpe_ratio": 1.2781832629642678,
    "sortino_ratio": 4.393936429252829,
    "calmar_ratio": 27.52750408776561,
    "total_trades": 23,
    "win_rate_%": 82.6086956521739,
    "profit_factor": 88.93934852285506
  },
  "out_of_sample": {
    "total_return_%": 97.92303367388642,
    "max_drawdown_%": 1.7673277579131037,
    "sharpe_ratio": 1.5369129050799988,
    "sortino_ratio": 1.6711792584351797,
    "calmar_ratio": 13.552010741758235,
    "total_trades": 14,
    "win_rate_%": 85.71428571428571,
    "profit_factor": 43.954793580977345
  }
}