{
  "in_sample": {
    "total_return_%": 158.34411566521837,
    "max_drawdown_%": 2.004563096231286,
    "sharpe_ratio": 1.2586989713384429,
    "sortino_ratio": 1.0925196572862141,
    "calmar_ratio": 7.003975862561347,
    "total_trades": 24,
    "win_rate_%": 83.33333333333334,
    "profit_factor": 45.80515079533365
  },
  "out_of_sample": {
    "total_return_%": 97.62744625468977,
    "max_drawdown_%": 1.7795593243280297,
    "sharpe_ratio": 1.5082441080765556,
    "sortino_ratio": 1.638756813096966,
    "calmar_ratio": 13.304304554635277,
    "total_trades": 14,
    "win_rate_%": 85.71428571428571,
    "profit_factor": 43.8287360535816
  }
}