{
  "in_sample": {
    "total_return_%": 158.74837640610272,
    "max_drawdown_%": 0.5167169837491228,
    "sharpe_ratio": 1.2709615640463123,
    "sortino_ratio": 7.8442748337939925,
    "calmar_ratio": 27.004672575254897,
    "total_trades": 23,
    "win_rate_%": 86.95652173913044,
    "profit_factor": 89.93928294193145
  },
  "out_of_sample": {
    "total_return_%": 111.24252643069994,
    "max_drawdown_%": 1.7685421519485267,
    "sharpe_ratio": 1.5992671909895058,
    "sortino_ratio": 1.3558616400097028,
    "calmar_ratio": 14.56015934521552,
    "total_trades": 14,
    "win_rate_%": 85.71428571428571,
    "profit_factor": 63.28822568194282
  }
}