{
  "in_sample": {
    "total_return_%": 158.74837640610272,
    "max_drawdown_%": 0.5167169837491228,
    "sharpe_ratio": 1.2774421090308488,
    "sortino_ratio": 7.924002076599352,
    "calmar_ratio": 27.279141297081317,
    "total_trades": 23,
    "win_rate_%": 86.95652173913044,
    "profit_factor": 89.93928294193145
  },
  "out_of_sample": {
    "total_return_%": 97.09809814673986,
    "max_drawdown_%": 1.7795593243280297,
    "sharpe_ratio": 1.5042921104017704,
    "sortino_ratio": 1.6392095202717027,
    "calmar_ratio": 13.307979873681171,
    "total_trades": 14,
    "win_rate_%": 85.71428571428571,
    "profit_factor": 43.60298790164359
  }
}