{
  "in_sample": {
    "total_return_%": 156.91186886448753,
    "max_drawdown_%": 0.5119607888251293,
    "sharpe_ratio": 1.2778177351959568,
    "sortino_ratio": 4.391438455160018,
    "calmar_ratio": 27.511854568670792,
    "total_trades": 23,
    "win_rate_%": 82.6086956521739,
    "profit_factor": 88.93934852285506
  },
  "out_of_sample": {
    "total_return_%": 99.31840010722335,
    "max_drawdown_%": 1.7673277579131037,
    "sharpe_ratio": 1.5386129726478188,
    "sortino_ratio": 1.6848978718448235,
    "calmar_ratio": 13.677340817408979,
    "total_trades": 14,
    "win_rate_%": 85.71428571428571,
    "profit_factor": 44.54986776537764
  }
}