{
  "in_sample_metrics": {
    "total_return_%": 129.80995984409716,
    "max_drawdown_%": 4.40908254819046,
    "sharpe_ratio": 1.3257283762789873,
    "sortino_ratio": 0.5991922319024341,
    "calmar_ratio": 2.839982658914069,
    "total_trades": 32,
    "win_rate_%": 68.75,
    "profit_factor": 19.97257823588268
  },
  "out_of_sample_metrics": {
    "total_return_%": 694.9375414425108,
    "max_drawdown_%": 0.8910394480194493,
    "sharpe_ratio": 0.7747430457753915,
    "sortino_ratio": 20.498635134496467,
    "calmar_ratio": 128.5069904117805,
    "total_trades": 14,
    "win_rate_%": 78.57142857142857,
    "profit_factor": 426.40973790018217
  }
}