{
  "in_sample_metrics": {
    "total_return_%": 140.4465417327994,
    "max_drawdown_%": 4.286038603180704,
    "sharpe_ratio": 1.3904756377292378,
    "sortino_ratio": 0.7301192445122713,
    "calmar_ratio": 3.0777444097550224,
    "total_trades": 41,
    "win_rate_%": 68.29268292682927,
    "profit_factor": 16.057956345342905
  },
  "out_of_sample_metrics": {
    "total_return_%": 681.9509318389369,
    "max_drawdown_%": 1.2003045679323792,
    "sharpe_ratio": 0.7646773989558225,
    "sortino_ratio": 17.35074147658817,
    "calmar_ratio": 95.9113513540021,
    "total_trades": 19,
    "win_rate_%": 63.1578947368421,
    "profit_factor": 166.79741735550965
  }
}