{
  "in_sample_metrics": {
    "total_return_%": 138.6309488518688,
    "max_drawdown_%": 2.72455267818724,
    "sharpe_ratio": 1.267936734700232,
    "sortino_ratio": 2.6399496632322967,
    "calmar_ratio": 4.827762909737056,
    "total_trades": 35,
    "win_rate_%": 60.0,
    "profit_factor": 25.891532723991368
  },
  "out_of_sample_metrics": {
    "total_return_%": 681.5171089796119,
    "max_drawdown_%": 1.5345725982300864,
    "sharpe_ratio": 0.7408491903146915,
    "sortino_ratio": 13.728308377889332,
    "calmar_ratio": 78.11077851833389,
    "total_trades": 22,
    "win_rate_%": 72.72727272727273,
    "profit_factor": 129.0095588549718
  }
}